ind,salinity
580.0,24.979771628484286
581.0,23.78125582568028
