ind,salinity
595.0,28.587647984098815
613.0,28.409886958419715
