ind,salinity
539.0,28.652425550280434
559.0,28.210237588819375
577.0,28.875680742137632
