ind,salinity
597.0,26.30430441928593
614.0,27.433807758916807
