ind,salinity
580.0,24.97977162848429
597.0,26.30430441928593
