ind,salinity
576.0,30.052372930974833
577.0,28.875680742137646
594.0,29.64502476792808
595.0,28.587647984098812
