ind,salinity
596.0,27.633704858695076
613.0,28.409886958419726
614.0,27.433807758916807
