ind,salinity
576.0,30.052372930974833
577.0,28.875680742137646
