ind,salinity
479.0,27.041683145879343
499.0,28.083708325704986
