ind,salinity
456.0,28.21337043489132
477.0,28.901948635193616
