ind,salinity
436.0,27.232013866291858
437.0,26.282264356296704
