ind,salinity
457.0,27.153446106984727
478.0,28.207233287632793
499.0,28.08370832570498
