ind,salinity
436.0,27.23201386629184
457.0,27.15344610698474
