ind,salinity
456.0,28.21337043489132
457.0,27.15344610698473
