ind,salinity
499.0,28.083708325704983
519.0,27.871748854932335
539.0,28.652425550280437
