ind,salinity
456.0,28.213370434891324
457.0,27.15344610698474
