ind,salinity
479.0,27.04168314587934
499.0,28.083708325704983
