ind,salinity
484.0,22.305118004424713
505.0,21.860070494461006
