ind,salinity
563.0,22.698639877909727
581.0,23.781255825680287
