ind,salinity
523.0,22.678905102235493
544.0,21.98553496008072
