ind,salinity
544.0,21.985534960080717
563.0,22.698639877909727
