ind,salinity
504.0,22.772743156027108
505.0,21.86007049446099
523.0,22.67890510223549
