ind,salinity
437.0,26.2822643562967
438.0,25.072569443279615
