ind,salinity
439.0,24.631317695311424
440.0,23.86356228342598
460.0,24.44996913818416
461.0,23.61151721194866
