ind,salinity
483.0,23.20786305124701
484.0,22.305118004424706
