ind,salinity
438.0,25.072569443279615
439.0,24.631317695311413
