ind,salinity
461.0,23.61151721194865
483.0,23.207863051247013
