ind,salinity
648.0,26.09695598575176
662.0,26.6507993008072
663.0,25.871645366685364
