ind,salinity
600.0,23.204289574425175
618.0,23.141240379323065
