ind,salinity
581.0,23.78125582568029
582.0,22.780988309244577
599.0,24.109795061751196
600.0,23.204289574425175
