ind,salinity
633.0,25.2995410969328
634.0,24.094820068413274
