ind,salinity
617.0,24.586206387097988
618.0,23.14124037932306
634.0,24.094820068413274
