ind,salinity
633.0,25.299541096932796
648.0,26.09695598575177
663.0,25.871645366685364
