ind,salinity
647.0,26.77994570350136
648.0,26.09695598575177
662.0,26.650799300807197
