ind,salinity
632.0,26.480259103207693
648.0,26.09695598575177
