ind,salinity
616.0,25.45623693081432
632.0,26.48025910320769
