ind,salinity
599.0,24.1097950617512
616.0,25.456236930814317
