ind,salinity
563.0,22.698639877909727
582.0,22.780988309244577
599.0,24.1097950617512
