ind,salinity
519.0,26.508224414064493
539.0,27.76678143542418
