ind,salinity
519.0,26.508224414064493
540.0,26.55306091987407
