ind,salinity
580.0,24.83367164993709
581.0,23.273661605460145
