ind,salinity
520.0,25.25133112773434
540.0,26.553060919874067
541.0,25.118277677933413
