ind,salinity
542.0,23.60432274401368
562.0,23.510661715394747
