ind,salinity
539.0,27.766781435424186
558.0,28.814116745543803
