ind,salinity
541.0,25.118277677933413
542.0,23.604322744013675
