ind,salinity
558.0,28.814116745543817
576.0,29.15947700384703
