ind,salinity
562.0,23.510661715394743
580.0,24.833671649937088
