ind,salinity
581.0,23.273661605460145
582.0,22.254024350707244
599.0,23.066348557580447
600.0,22.259358574649443
