ind,salinity
576.0,29.159477003847037
577.0,28.738299210938806
