ind,salinity
577.0,28.738299210938813
594.0,29.24206749273365
