ind,salinity
612.0,29.10727076951934
628.0,29.196725407580004
629.0,28.313655031379902
