ind,salinity
595.0,28.805898064369664
612.0,29.10727076951934
