ind,salinity
558.0,28.814116745543814
577.0,28.73829921093881
594.0,29.242067492733636
