ind,salinity
577.0,28.738299210938806
595.0,28.805898064369668
