ind,salinity
558.0,28.81411674554382
576.0,29.159477003847034
