ind,salinity
576.0,29.15947700384703
577.0,28.738299210938813
