ind,salinity
439.0,23.46798429112513
460.0,23.015763832838847
