ind,salinity
560.0,26.453173362718637
578.0,28.03278869263965
