ind,salinity
481.0,23.318467526469874
502.0,22.791102020446594
