ind,salinity
460.0,23.015763832838843
481.0,23.318467526469874
