ind,salinity
541.0,25.118277677933424
560.0,26.45317336271864
