ind,salinity
502.0,22.791102020446598
521.0,23.896739031487826
