ind,salinity
398.0,22.265481399505603
418.0,22.874279571157384
