ind,salinity
521.0,23.89673903148783
541.0,25.118277677933417
