ind,salinity
418.0,22.874279571157384
439.0,23.467984291125124
