ind,salinity
578.0,28.032788692639656
595.0,28.805898064369664
