ind,salinity
398.0,22.265481399505603
399.0,21.657636849191423
