ind,salinity
292.0,22.068434231362513
314.0,22.04597287026487
