ind,salinity
272.0,21.35705614810013
273.0,20.678914559479736
