ind,salinity
357.0,21.823260563256266
377.0,21.83833384791122
399.0,21.65763684919143
