ind,salinity
272.0,21.35705614810013
292.0,22.068434231362513
293.0,21.52724088729567
