ind,salinity
335.0,21.928399063948433
357.0,21.82326056325626
