ind,salinity
254.0,19.873925448991375
255.0,19.76675331562653
274.0,20.128122874738022
275.0,19.615705176843615
