ind,salinity
334.0,22.706371279382143
335.0,21.928399063948433
