ind,salinity
273.0,20.678914559479736
274.0,20.12812287473802
