ind,salinity
314.0,22.04597287026487
334.0,22.706371279382143
