ind,salinity
235.0,20.273371839414807
255.0,19.766753315626538
